Country Name,Country Code,Indicator Name,Indicator Code,,,,,,,,,,,,,,,,,,,,,,,,,,,,,,,,,,,,,,,,,,,,,,,,,,,,,,,,,,,,2019,,
Aruba,ABW,"Population, total",SP.POP.TOTL,,,,,,,,,,,,,,,,,,,,,,,,,,,,,,,,,,,,,,,,,,,,,,,,,,,,,,,,,,,,106314,,
Afghanistan,AFG,"Population, total",SP.POP.TOTL,,,,,,,,,,,,,,,,,,,,,,,,,,,,,,,,,,,,,,,,,,,,,,,,,,,,,,,,,,,,38041754,,
Angola,AGO,"Population, total",SP.POP.TOTL,,,,,,,,,,,,,,,,,,,,,,,,,,,,,,,,,,,,,,,,,,,,,,,,,,,,,,,,,,,,31825295,,
Albania,ALB,"Population, total",SP.POP.TOTL,,,,,,,,,,,,,,,,,,,,,,,,,,,,,,,,,,,,,,,,,,,,,,,,,,,,,,,,,,,,2854191,,
Andorra,AND,"Population, total",SP.POP.TOTL,,,,,,,,,,,,,,,,,,,,,,,,,,,,,,,,,,,,,,,,,,,,,,,,,,,,,,,,,,,,77142,,
Arab World,ARB,"Population, total",SP.POP.TOTL,,,,,,,,,,,,,,,,,,,,,,,,,,,,,,,,,,,,,,,,,,,,,,,,,,,,,,,,,,,,427870270,,
United Arab Emirates,ARE,"Population, total",SP.POP.TOTL,,,,,,,,,,,,,,,,,,,,,,,,,,,,,,,,,,,,,,,,,,,,,,,,,,,,,,,,,,,,9770529,,
Argentina,ARG,"Population, total",SP.POP.TOTL,,,,,,,,,,,,,,,,,,,,,,,,,,,,,,,,,,,,,,,,,,,,,,,,,,,,,,,,,,,,44938712,,
Armenia,ARM,"Population, total",SP.POP.TOTL,,,,,,,,,,,,,,,,,,,,,,,,,,,,,,,,,,,,,,,,,,,,,,,,,,,,,,,,,,,,2957731,,
American Samoa,ASM,"Population, total",SP.POP.TOTL,,,,,,,,,,,,,,,,,,,,,,,,,,,,,,,,,,,,,,,,,,,,,,,,,,,,,,,,,,,,55312,,
Antigua and Barbuda,ATG,"Population, total",SP.POP.TOTL,,,,,,,,,,,,,,,,,,,,,,,,,,,,,,,,,,,,,,,,,,,,,,,,,,,,,,,,,,,,97118,,
Australia,AUS,"Population, total",SP.POP.TOTL,,,,,,,,,,,,,,,,,,,,,,,,,,,,,,,,,,,,,,,,,,,,,,,,,,,,,,,,,,,,25364307,,
Austria,AUT,"Population, total",SP.POP.TOTL,,,,,,,,,,,,,,,,,,,,,,,,,,,,,,,,,,,,,,,,,,,,,,,,,,,,,,,,,,,,8877067,,
Azerbaijan,AZE,"Population, total",SP.POP.TOTL,,,,,,,,,,,,,,,,,,,,,,,,,,,,,,,,,,,,,,,,,,,,,,,,,,,,,,,,,,,,10023318,,
Burundi,BDI,"Population, total",SP.POP.TOTL,,,,,,,,,,,,,,,,,,,,,,,,,,,,,,,,,,,,,,,,,,,,,,,,,,,,,,,,,,,,11530580,,
Belgium,BEL,"Population, total",SP.POP.TOTL,,,,,,,,,,,,,,,,,,,,,,,,,,,,,,,,,,,,,,,,,,,,,,,,,,,,,,,,,,,,11484055,,
Benin,BEN,"Population, total",SP.POP.TOTL,,,,,,,,,,,,,,,,,,,,,,,,,,,,,,,,,,,,,,,,,,,,,,,,,,,,,,,,,,,,11801151,,
Burkina Faso,BFA,"Population, total",SP.POP.TOTL,,,,,,,,,,,,,,,,,,,,,,,,,,,,,,,,,,,,,,,,,,,,,,,,,,,,,,,,,,,,20321378,,
Bangladesh,BGD,"Population, total",SP.POP.TOTL,,,,,,,,,,,,,,,,,,,,,,,,,,,,,,,,,,,,,,,,,,,,,,,,,,,,,,,,,,,,163046161,,
Bulgaria,BGR,"Population, total",SP.POP.TOTL,,,,,,,,,,,,,,,,,,,,,,,,,,,,,,,,,,,,,,,,,,,,,,,,,,,,,,,,,,,,6975761,,
Bahrain,BHR,"Population, total",SP.POP.TOTL,,,,,,,,,,,,,,,,,,,,,,,,,,,,,,,,,,,,,,,,,,,,,,,,,,,,,,,,,,,,1641172,,
"Bahamas, The",BHS,"Population, total",SP.POP.TOTL,,,,,,,,,,,,,,,,,,,,,,,,,,,,,,,,,,,,,,,,,,,,,,,,,,,,,,,,,,,,389482,,
Bosnia and Herzegovina,BIH,"Population, total",SP.POP.TOTL,,,,,,,,,,,,,,,,,,,,,,,,,,,,,,,,,,,,,,,,,,,,,,,,,,,,,,,,,,,,3301000,,
Belarus,BLR,"Population, total",SP.POP.TOTL,,,,,,,,,,,,,,,,,,,,,,,,,,,,,,,,,,,,,,,,,,,,,,,,,,,,,,,,,,,,9466856,,
Belize,BLZ,"Population, total",SP.POP.TOTL,,,,,,,,,,,,,,,,,,,,,,,,,,,,,,,,,,,,,,,,,,,,,,,,,,,,,,,,,,,,390353,,
Bermuda,BMU,"Population, total",SP.POP.TOTL,,,,,,,,,,,,,,,,,,,,,,,,,,,,,,,,,,,,,,,,,,,,,,,,,,,,,,,,,,,,63918,,
Bolivia,BOL,"Population, total",SP.POP.TOTL,,,,,,,,,,,,,,,,,,,,,,,,,,,,,,,,,,,,,,,,,,,,,,,,,,,,,,,,,,,,11513100,,
Brazil,BRA,"Population, total",SP.POP.TOTL,,,,,,,,,,,,,,,,,,,,,,,,,,,,,,,,,,,,,,,,,,,,,,,,,,,,,,,,,,,,211049527,,
Barbados,BRB,"Population, total",SP.POP.TOTL,,,,,,,,,,,,,,,,,,,,,,,,,,,,,,,,,,,,,,,,,,,,,,,,,,,,,,,,,,,,287025,,
Brunei Darussalam,BRN,"Population, total",SP.POP.TOTL,,,,,,,,,,,,,,,,,,,,,,,,,,,,,,,,,,,,,,,,,,,,,,,,,,,,,,,,,,,,433285,,
Bhutan,BTN,"Population, total",SP.POP.TOTL,,,,,,,,,,,,,,,,,,,,,,,,,,,,,,,,,,,,,,,,,,,,,,,,,,,,,,,,,,,,763092,,
Botswana,BWA,"Population, total",SP.POP.TOTL,,,,,,,,,,,,,,,,,,,,,,,,,,,,,,,,,,,,,,,,,,,,,,,,,,,,,,,,,,,,2303697,,
Central African Republic,CAF,"Population, total",SP.POP.TOTL,,,,,,,,,,,,,,,,,,,,,,,,,,,,,,,,,,,,,,,,,,,,,,,,,,,,,,,,,,,,4745185,,
Canada,CAN,"Population, total",SP.POP.TOTL,,,,,,,,,,,,,,,,,,,,,,,,,,,,,,,,,,,,,,,,,,,,,,,,,,,,,,,,,,,,37589262,,
Central Europe and the Baltics,CEB,"Population, total",SP.POP.TOTL,,,,,,,,,,,,,,,,,,,,,,,,,,,,,,,,,,,,,,,,,,,,,,,,,,,,,,,,,,,,102378579,,
Switzerland,CHE,"Population, total",SP.POP.TOTL,,,,,,,,,,,,,,,,,,,,,,,,,,,,,,,,,,,,,,,,,,,,,,,,,,,,,,,,,,,,8574832,,
Channel Islands,CHI,"Population, total",SP.POP.TOTL,,,,,,,,,,,,,,,,,,,,,,,,,,,,,,,,,,,,,,,,,,,,,,,,,,,,,,,,,,,,172259,,
Chile,CHL,"Population, total",SP.POP.TOTL,,,,,,,,,,,,,,,,,,,,,,,,,,,,,,,,,,,,,,,,,,,,,,,,,,,,,,,,,,,,18952038,,
China,CHN,"Population, total",SP.POP.TOTL,,,,,,,,,,,,,,,,,,,,,,,,,,,,,,,,,,,,,,,,,,,,,,,,,,,,,,,,,,,,1397715000,,
Cote d'Ivoire,CIV,"Population, total",SP.POP.TOTL,,,,,,,,,,,,,,,,,,,,,,,,,,,,,,,,,,,,,,,,,,,,,,,,,,,,,,,,,,,,25716544,,
Cameroon,CMR,"Population, total",SP.POP.TOTL,,,,,,,,,,,,,,,,,,,,,,,,,,,,,,,,,,,,,,,,,,,,,,,,,,,,,,,,,,,,25876380,,
"Congo, Dem. Rep.",COD,"Population, total",SP.POP.TOTL,,,,,,,,,,,,,,,,,,,,,,,,,,,,,,,,,,,,,,,,,,,,,,,,,,,,,,,,,,,,86790567,,
"Congo, Rep.",COG,"Population, total",SP.POP.TOTL,,,,,,,,,,,,,,,,,,,,,,,,,,,,,,,,,,,,,,,,,,,,,,,,,,,,,,,,,,,,5380508,,
Colombia,COL,"Population, total",SP.POP.TOTL,,,,,,,,,,,,,,,,,,,,,,,,,,,,,,,,,,,,,,,,,,,,,,,,,,,,,,,,,,,,50339443,,
Comoros,COM,"Population, total",SP.POP.TOTL,,,,,,,,,,,,,,,,,,,,,,,,,,,,,,,,,,,,,,,,,,,,,,,,,,,,,,,,,,,,850886,,
Cabo Verde,CPV,"Population, total",SP.POP.TOTL,,,,,,,,,,,,,,,,,,,,,,,,,,,,,,,,,,,,,,,,,,,,,,,,,,,,,,,,,,,,549935,,
Costa Rica,CRI,"Population, total",SP.POP.TOTL,,,,,,,,,,,,,,,,,,,,,,,,,,,,,,,,,,,,,,,,,,,,,,,,,,,,,,,,,,,,5047561,,
Caribbean small states,CSS,"Population, total",SP.POP.TOTL,,,,,,,,,,,,,,,,,,,,,,,,,,,,,,,,,,,,,,,,,,,,,,,,,,,,,,,,,,,,7401383,,
Cuba,CUB,"Population, total",SP.POP.TOTL,,,,,,,,,,,,,,,,,,,,,,,,,,,,,,,,,,,,,,,,,,,,,,,,,,,,,,,,,,,,11333483,,
Curacao,CUW,"Population, total",SP.POP.TOTL,,,,,,,,,,,,,,,,,,,,,,,,,,,,,,,,,,,,,,,,,,,,,,,,,,,,,,,,,,,,157538,,
Cayman Islands,CYM,"Population, total",SP.POP.TOTL,,,,,,,,,,,,,,,,,,,,,,,,,,,,,,,,,,,,,,,,,,,,,,,,,,,,,,,,,,,,64948,,
Cyprus,CYP,"Population, total",SP.POP.TOTL,,,,,,,,,,,,,,,,,,,,,,,,,,,,,,,,,,,,,,,,,,,,,,,,,,,,,,,,,,,,1198575,,
Czech Republic,CZE,"Population, total",SP.POP.TOTL,,,,,,,,,,,,,,,,,,,,,,,,,,,,,,,,,,,,,,,,,,,,,,,,,,,,,,,,,,,,10669709,,
Germany,DEU,"Population, total",SP.POP.TOTL,,,,,,,,,,,,,,,,,,,,,,,,,,,,,,,,,,,,,,,,,,,,,,,,,,,,,,,,,,,,83132799,,
Djibouti,DJI,"Population, total",SP.POP.TOTL,,,,,,,,,,,,,,,,,,,,,,,,,,,,,,,,,,,,,,,,,,,,,,,,,,,,,,,,,,,,973560,,
Dominica,DMA,"Population, total",SP.POP.TOTL,,,,,,,,,,,,,,,,,,,,,,,,,,,,,,,,,,,,,,,,,,,,,,,,,,,,,,,,,,,,71808,,
Denmark,DNK,"Population, total",SP.POP.TOTL,,,,,,,,,,,,,,,,,,,,,,,,,,,,,,,,,,,,,,,,,,,,,,,,,,,,,,,,,,,,5818553,,
Dominican Republic,DOM,"Population, total",SP.POP.TOTL,,,,,,,,,,,,,,,,,,,,,,,,,,,,,,,,,,,,,,,,,,,,,,,,,,,,,,,,,,,,10738958,,
Algeria,DZA,"Population, total",SP.POP.TOTL,,,,,,,,,,,,,,,,,,,,,,,,,,,,,,,,,,,,,,,,,,,,,,,,,,,,,,,,,,,,43053054,,
East Asia & Pacific (excluding high income),EAP,"Population, total",SP.POP.TOTL,,,,,,,,,,,,,,,,,,,,,,,,,,,,,,,,,,,,,,,,,,,,,,,,,,,,,,,,,,,,2093675040,,
Early-demographic dividend,EAR,"Population, total",SP.POP.TOTL,,,,,,,,,,,,,,,,,,,,,,,,,,,,,,,,,,,,,,,,,,,,,,,,,,,,,,,,,,,,3290290613,,
East Asia & Pacific,EAS,"Population, total",SP.POP.TOTL,,,,,,,,,,,,,,,,,,,,,,,,,,,,,,,,,,,,,,,,,,,,,,,,,,,,,,,,,,,,2340628292,,
Europe & Central Asia (excluding high income),ECA,"Population, total",SP.POP.TOTL,,,,,,,,,,,,,,,,,,,,,,,,,,,,,,,,,,,,,,,,,,,,,,,,,,,,,,,,,,,,399404587,,
Europe & Central Asia,ECS,"Population, total",SP.POP.TOTL,,,,,,,,,,,,,,,,,,,,,,,,,,,,,,,,,,,,,,,,,,,,,,,,,,,,,,,,,,,,921140092,,
Ecuador,ECU,"Population, total",SP.POP.TOTL,,,,,,,,,,,,,,,,,,,,,,,,,,,,,,,,,,,,,,,,,,,,,,,,,,,,,,,,,,,,17373662,,
"Egypt, Arab Rep.",EGY,"Population, total",SP.POP.TOTL,,,,,,,,,,,,,,,,,,,,,,,,,,,,,,,,,,,,,,,,,,,,,,,,,,,,,,,,,,,,100388073,,
Euro area,EMU,"Population, total",SP.POP.TOTL,,,,,,,,,,,,,,,,,,,,,,,,,,,,,,,,,,,,,,,,,,,,,,,,,,,,,,,,,,,,342597698,,
Eritrea,ERI,"Population, total",SP.POP.TOTL,,,,,,,,,,,,,,,,,,,,,,,,,,,,,,,,,,,,,,,,,,,,,,,,,,,,,,,,,,,,,,
Spain,ESP,"Population, total",SP.POP.TOTL,,,,,,,,,,,,,,,,,,,,,,,,,,,,,,,,,,,,,,,,,,,,,,,,,,,,,,,,,,,,47076781,,
Estonia,EST,"Population, total",SP.POP.TOTL,,,,,,,,,,,,,,,,,,,,,,,,,,,,,,,,,,,,,,,,,,,,,,,,,,,,,,,,,,,,1326590,,
Ethiopia,ETH,"Population, total",SP.POP.TOTL,,,,,,,,,,,,,,,,,,,,,,,,,,,,,,,,,,,,,,,,,,,,,,,,,,,,,,,,,,,,112078730,,
European Union,EUU,"Population, total",SP.POP.TOTL,,,,,,,,,,,,,,,,,,,,,,,,,,,,,,,,,,,,,,,,,,,,,,,,,,,,,,,,,,,,447512041,,
Fragile and conflict affected situations,FCS,"Population, total",SP.POP.TOTL,,,,,,,,,,,,,,,,,,,,,,,,,,,,,,,,,,,,,,,,,,,,,,,,,,,,,,,,,,,,798138587,,
Finland,FIN,"Population, total",SP.POP.TOTL,,,,,,,,,,,,,,,,,,,,,,,,,,,,,,,,,,,,,,,,,,,,,,,,,,,,,,,,,,,,5520314,,
Fiji,FJI,"Population, total",SP.POP.TOTL,,,,,,,,,,,,,,,,,,,,,,,,,,,,,,,,,,,,,,,,,,,,,,,,,,,,,,,,,,,,889953,,
France,FRA,"Population, total",SP.POP.TOTL,,,,,,,,,,,,,,,,,,,,,,,,,,,,,,,,,,,,,,,,,,,,,,,,,,,,,,,,,,,,67059887,,
Faroe Islands,FRO,"Population, total",SP.POP.TOTL,,,,,,,,,,,,,,,,,,,,,,,,,,,,,,,,,,,,,,,,,,,,,,,,,,,,,,,,,,,,48678,,
"Micronesia, Fed. Sts.",FSM,"Population, total",SP.POP.TOTL,,,,,,,,,,,,,,,,,,,,,,,,,,,,,,,,,,,,,,,,,,,,,,,,,,,,,,,,,,,,113815,,
Gabon,GAB,"Population, total",SP.POP.TOTL,,,,,,,,,,,,,,,,,,,,,,,,,,,,,,,,,,,,,,,,,,,,,,,,,,,,,,,,,,,,2172579,,
United Kingdom,GBR,"Population, total",SP.POP.TOTL,,,,,,,,,,,,,,,,,,,,,,,,,,,,,,,,,,,,,,,,,,,,,,,,,,,,,,,,,,,,66834405,,
Georgia,GEO,"Population, total",SP.POP.TOTL,,,,,,,,,,,,,,,,,,,,,,,,,,,,,,,,,,,,,,,,,,,,,,,,,,,,,,,,,,,,3720382,,
Ghana,GHA,"Population, total",SP.POP.TOTL,,,,,,,,,,,,,,,,,,,,,,,,,,,,,,,,,,,,,,,,,,,,,,,,,,,,,,,,,,,,30417856,,
Gibraltar,GIB,"Population, total",SP.POP.TOTL,,,,,,,,,,,,,,,,,,,,,,,,,,,,,,,,,,,,,,,,,,,,,,,,,,,,,,,,,,,,33701,,
Guinea,GIN,"Population, total",SP.POP.TOTL,,,,,,,,,,,,,,,,,,,,,,,,,,,,,,,,,,,,,,,,,,,,,,,,,,,,,,,,,,,,12771246,,
"Gambia, The",GMB,"Population, total",SP.POP.TOTL,,,,,,,,,,,,,,,,,,,,,,,,,,,,,,,,,,,,,,,,,,,,,,,,,,,,,,,,,,,,2347706,,
Guinea-Bissau,GNB,"Population, total",SP.POP.TOTL,,,,,,,,,,,,,,,,,,,,,,,,,,,,,,,,,,,,,,,,,,,,,,,,,,,,,,,,,,,,1920922,,
Equatorial Guinea,GNQ,"Population, total",SP.POP.TOTL,,,,,,,,,,,,,,,,,,,,,,,,,,,,,,,,,,,,,,,,,,,,,,,,,,,,,,,,,,,,1355986,,
Greece,GRC,"Population, total",SP.POP.TOTL,,,,,,,,,,,,,,,,,,,,,,,,,,,,,,,,,,,,,,,,,,,,,,,,,,,,,,,,,,,,10716322,,
Grenada,GRD,"Population, total",SP.POP.TOTL,,,,,,,,,,,,,,,,,,,,,,,,,,,,,,,,,,,,,,,,,,,,,,,,,,,,,,,,,,,,112003,,
Greenland,GRL,"Population, total",SP.POP.TOTL,,,,,,,,,,,,,,,,,,,,,,,,,,,,,,,,,,,,,,,,,,,,,,,,,,,,,,,,,,,,56225,,
Guatemala,GTM,"Population, total",SP.POP.TOTL,,,,,,,,,,,,,,,,,,,,,,,,,,,,,,,,,,,,,,,,,,,,,,,,,,,,,,,,,,,,16604026,,
Guam,GUM,"Population, total",SP.POP.TOTL,,,,,,,,,,,,,,,,,,,,,,,,,,,,,,,,,,,,,,,,,,,,,,,,,,,,,,,,,,,,167294,,
Guyana,GUY,"Population, total",SP.POP.TOTL,,,,,,,,,,,,,,,,,,,,,,,,,,,,,,,,,,,,,,,,,,,,,,,,,,,,,,,,,,,,782766,,
High income,HIC,"Population, total",SP.POP.TOTL,,,,,,,,,,,,,,,,,,,,,,,,,,,,,,,,,,,,,,,,,,,,,,,,,,,,,,,,,,,,1235852838,,
"Hong Kong SAR, China",HKG,"Population, total",SP.POP.TOTL,,,,,,,,,,,,,,,,,,,,,,,,,,,,,,,,,,,,,,,,,,,,,,,,,,,,,,,,,,,,7507400,,
Honduras,HND,"Population, total",SP.POP.TOTL,,,,,,,,,,,,,,,,,,,,,,,,,,,,,,,,,,,,,,,,,,,,,,,,,,,,,,,,,,,,9746117,,
Heavily indebted poor countries (HIPC),HPC,"Population, total",SP.POP.TOTL,,,,,,,,,,,,,,,,,,,,,,,,,,,,,,,,,,,,,,,,,,,,,,,,,,,,,,,,,,,,801708035,,
Croatia,HRV,"Population, total",SP.POP.TOTL,,,,,,,,,,,,,,,,,,,,,,,,,,,,,,,,,,,,,,,,,,,,,,,,,,,,,,,,,,,,4067500,,
Haiti,HTI,"Population, total",SP.POP.TOTL,,,,,,,,,,,,,,,,,,,,,,,,,,,,,,,,,,,,,,,,,,,,,,,,,,,,,,,,,,,,11263077,,
Hungary,HUN,"Population, total",SP.POP.TOTL,,,,,,,,,,,,,,,,,,,,,,,,,,,,,,,,,,,,,,,,,,,,,,,,,,,,,,,,,,,,9769949,,
IBRD only,IBD,"Population, total",SP.POP.TOTL,,,,,,,,,,,,,,,,,,,,,,,,,,,,,,,,,,,,,,,,,,,,,,,,,,,,,,,,,,,,4816235953,,
IDA & IBRD total,IBT,"Population, total",SP.POP.TOTL,,,,,,,,,,,,,,,,,,,,,,,,,,,,,,,,,,,,,,,,,,,,,,,,,,,,,,,,,,,,6486934853,,
IDA total,IDA,"Population, total",SP.POP.TOTL,,,,,,,,,,,,,,,,,,,,,,,,,,,,,,,,,,,,,,,,,,,,,,,,,,,,,,,,,,,,1670698900,,
IDA blend,IDB,"Population, total",SP.POP.TOTL,,,,,,,,,,,,,,,,,,,,,,,,,,,,,,,,,,,,,,,,,,,,,,,,,,,,,,,,,,,,561572202,,
Indonesia,IDN,"Population, total",SP.POP.TOTL,,,,,,,,,,,,,,,,,,,,,,,,,,,,,,,,,,,,,,,,,,,,,,,,,,,,,,,,,,,,270625568,,
IDA only,IDX,"Population, total",SP.POP.TOTL,,,,,,,,,,,,,,,,,,,,,,,,,,,,,,,,,,,,,,,,,,,,,,,,,,,,,,,,,,,,1109126698,,
Isle of Man,IMN,"Population, total",SP.POP.TOTL,,,,,,,,,,,,,,,,,,,,,,,,,,,,,,,,,,,,,,,,,,,,,,,,,,,,,,,,,,,,84584,,
India,IND,"Population, total",SP.POP.TOTL,,,,,,,,,,,,,,,,,,,,,,,,,,,,,,,,,,,,,,,,,,,,,,,,,,,,,,,,,,,,1366417754,,
Not classified,INX,"Population, total",SP.POP.TOTL,,,,,,,,,,,,,,,,,,,,,,,,,,,,,,,,,,,,,,,,,,,,,,,,,,,,,,,,,,,,,,
Ireland,IRL,"Population, total",SP.POP.TOTL,,,,,,,,,,,,,,,,,,,,,,,,,,,,,,,,,,,,,,,,,,,,,,,,,,,,,,,,,,,,4941444,,
"Iran, Islamic Rep.",IRN,"Population, total",SP.POP.TOTL,,,,,,,,,,,,,,,,,,,,,,,,,,,,,,,,,,,,,,,,,,,,,,,,,,,,,,,,,,,,82913906,,
Iraq,IRQ,"Population, total",SP.POP.TOTL,,,,,,,,,,,,,,,,,,,,,,,,,,,,,,,,,,,,,,,,,,,,,,,,,,,,,,,,,,,,39309783,,
Iceland,ISL,"Population, total",SP.POP.TOTL,,,,,,,,,,,,,,,,,,,,,,,,,,,,,,,,,,,,,,,,,,,,,,,,,,,,,,,,,,,,361313,,
Israel,ISR,"Population, total",SP.POP.TOTL,,,,,,,,,,,,,,,,,,,,,,,,,,,,,,,,,,,,,,,,,,,,,,,,,,,,,,,,,,,,9053300,,
Italy,ITA,"Population, total",SP.POP.TOTL,,,,,,,,,,,,,,,,,,,,,,,,,,,,,,,,,,,,,,,,,,,,,,,,,,,,,,,,,,,,60297396,,
Jamaica,JAM,"Population, total",SP.POP.TOTL,,,,,,,,,,,,,,,,,,,,,,,,,,,,,,,,,,,,,,,,,,,,,,,,,,,,,,,,,,,,2948279,,
Jordan,JOR,"Population, total",SP.POP.TOTL,,,,,,,,,,,,,,,,,,,,,,,,,,,,,,,,,,,,,,,,,,,,,,,,,,,,,,,,,,,,10101694,,
Japan,JPN,"Population, total",SP.POP.TOTL,,,,,,,,,,,,,,,,,,,,,,,,,,,,,,,,,,,,,,,,,,,,,,,,,,,,,,,,,,,,126264931,,
Kazakhstan,KAZ,"Population, total",SP.POP.TOTL,,,,,,,,,,,,,,,,,,,,,,,,,,,,,,,,,,,,,,,,,,,,,,,,,,,,,,,,,,,,18513930,,
Kenya,KEN,"Population, total",SP.POP.TOTL,,,,,,,,,,,,,,,,,,,,,,,,,,,,,,,,,,,,,,,,,,,,,,,,,,,,,,,,,,,,52573973,,
Kyrgyz Republic,KGZ,"Population, total",SP.POP.TOTL,,,,,,,,,,,,,,,,,,,,,,,,,,,,,,,,,,,,,,,,,,,,,,,,,,,,,,,,,,,,6456900,,
Cambodia,KHM,"Population, total",SP.POP.TOTL,,,,,,,,,,,,,,,,,,,,,,,,,,,,,,,,,,,,,,,,,,,,,,,,,,,,,,,,,,,,16486542,,
Kiribati,KIR,"Population, total",SP.POP.TOTL,,,,,,,,,,,,,,,,,,,,,,,,,,,,,,,,,,,,,,,,,,,,,,,,,,,,,,,,,,,,117606,,
St. Kitts and Nevis,KNA,"Population, total",SP.POP.TOTL,,,,,,,,,,,,,,,,,,,,,,,,,,,,,,,,,,,,,,,,,,,,,,,,,,,,,,,,,,,,52834,,
"Korea, Rep.",KOR,"Population, total",SP.POP.TOTL,,,,,,,,,,,,,,,,,,,,,,,,,,,,,,,,,,,,,,,,,,,,,,,,,,,,,,,,,,,,51709098,,
Kuwait,KWT,"Population, total",SP.POP.TOTL,,,,,,,,,,,,,,,,,,,,,,,,,,,,,,,,,,,,,,,,,,,,,,,,,,,,,,,,,,,,4207083,,
Latin America & Caribbean (excluding high income),LAC,"Population, total",SP.POP.TOTL,,,,,,,,,,,,,,,,,,,,,,,,,,,,,,,,,,,,,,,,,,,,,,,,,,,,,,,,,,,,613773119,,
Lao PDR,LAO,"Population, total",SP.POP.TOTL,,,,,,,,,,,,,,,,,,,,,,,,,,,,,,,,,,,,,,,,,,,,,,,,,,,,,,,,,,,,7169455,,
Lebanon,LBN,"Population, total",SP.POP.TOTL,,,,,,,,,,,,,,,,,,,,,,,,,,,,,,,,,,,,,,,,,,,,,,,,,,,,,,,,,,,,6855713,,
Liberia,LBR,"Population, total",SP.POP.TOTL,,,,,,,,,,,,,,,,,,,,,,,,,,,,,,,,,,,,,,,,,,,,,,,,,,,,,,,,,,,,4937374,,
Libya,LBY,"Population, total",SP.POP.TOTL,,,,,,,,,,,,,,,,,,,,,,,,,,,,,,,,,,,,,,,,,,,,,,,,,,,,,,,,,,,,6777452,,
St. Lucia,LCA,"Population, total",SP.POP.TOTL,,,,,,,,,,,,,,,,,,,,,,,,,,,,,,,,,,,,,,,,,,,,,,,,,,,,,,,,,,,,182790,,
Latin America & Caribbean,LCN,"Population, total",SP.POP.TOTL,,,,,,,,,,,,,,,,,,,,,,,,,,,,,,,,,,,,,,,,,,,,,,,,,,,,,,,,,,,,646430843,,
Least developed countries: UN classification,LDC,"Population, total",SP.POP.TOTL,,,,,,,,,,,,,,,,,,,,,,,,,,,,,,,,,,,,,,,,,,,,,,,,,,,,,,,,,,,,1033388876,,
Low income,LIC,"Population, total",SP.POP.TOTL,,,,,,,,,,,,,,,,,,,,,,,,,,,,,,,,,,,,,,,,,,,,,,,,,,,,,,,,,,,,668454965,,
Liechtenstein,LIE,"Population, total",SP.POP.TOTL,,,,,,,,,,,,,,,,,,,,,,,,,,,,,,,,,,,,,,,,,,,,,,,,,,,,,,,,,,,,38019,,
Sri Lanka,LKA,"Population, total",SP.POP.TOTL,,,,,,,,,,,,,,,,,,,,,,,,,,,,,,,,,,,,,,,,,,,,,,,,,,,,,,,,,,,,21803000,,
Lower middle income,LMC,"Population, total",SP.POP.TOTL,,,,,,,,,,,,,,,,,,,,,,,,,,,,,,,,,,,,,,,,,,,,,,,,,,,,,,,,,,,,2913363391,,
Low & middle income,LMY,"Population, total",SP.POP.TOTL,,,,,,,,,,,,,,,,,,,,,,,,,,,,,,,,,,,,,,,,,,,,,,,,,,,,,,,,,,,,6437681136,,
Lesotho,LSO,"Population, total",SP.POP.TOTL,,,,,,,,,,,,,,,,,,,,,,,,,,,,,,,,,,,,,,,,,,,,,,,,,,,,,,,,,,,,2125268,,
Late-demographic dividend,LTE,"Population, total",SP.POP.TOTL,,,,,,,,,,,,,,,,,,,,,,,,,,,,,,,,,,,,,,,,,,,,,,,,,,,,,,,,,,,,2298470832,,
Lithuania,LTU,"Population, total",SP.POP.TOTL,,,,,,,,,,,,,,,,,,,,,,,,,,,,,,,,,,,,,,,,,,,,,,,,,,,,,,,,,,,,2786844,,
Luxembourg,LUX,"Population, total",SP.POP.TOTL,,,,,,,,,,,,,,,,,,,,,,,,,,,,,,,,,,,,,,,,,,,,,,,,,,,,,,,,,,,,619896,,
Latvia,LVA,"Population, total",SP.POP.TOTL,,,,,,,,,,,,,,,,,,,,,,,,,,,,,,,,,,,,,,,,,,,,,,,,,,,,,,,,,,,,1912789,,
"Macao SAR, China",MAC,"Population, total",SP.POP.TOTL,,,,,,,,,,,,,,,,,,,,,,,,,,,,,,,,,,,,,,,,,,,,,,,,,,,,,,,,,,,,640445,,
St. Martin (French part),MAF,"Population, total",SP.POP.TOTL,,,,,,,,,,,,,,,,,,,,,,,,,,,,,,,,,,,,,,,,,,,,,,,,,,,,,,,,,,,,38002,,
Morocco,MAR,"Population, total",SP.POP.TOTL,,,,,,,,,,,,,,,,,,,,,,,,,,,,,,,,,,,,,,,,,,,,,,,,,,,,,,,,,,,,36471769,,
Monaco,MCO,"Population, total",SP.POP.TOTL,,,,,,,,,,,,,,,,,,,,,,,,,,,,,,,,,,,,,,,,,,,,,,,,,,,,,,,,,,,,38964,,
Moldova,MDA,"Population, total",SP.POP.TOTL,,,,,,,,,,,,,,,,,,,,,,,,,,,,,,,,,,,,,,,,,,,,,,,,,,,,,,,,,,,,2657637,,
Madagascar,MDG,"Population, total",SP.POP.TOTL,,,,,,,,,,,,,,,,,,,,,,,,,,,,,,,,,,,,,,,,,,,,,,,,,,,,,,,,,,,,26969307,,
Maldives,MDV,"Population, total",SP.POP.TOTL,,,,,,,,,,,,,,,,,,,,,,,,,,,,,,,,,,,,,,,,,,,,,,,,,,,,,,,,,,,,530953,,
Middle East & North Africa,MEA,"Population, total",SP.POP.TOTL,,,,,,,,,,,,,,,,,,,,,,,,,,,,,,,,,,,,,,,,,,,,,,,,,,,,,,,,,,,,456707404,,
Mexico,MEX,"Population, total",SP.POP.TOTL,,,,,,,,,,,,,,,,,,,,,,,,,,,,,,,,,,,,,,,,,,,,,,,,,,,,,,,,,,,,127575529,,
Marshall Islands,MHL,"Population, total",SP.POP.TOTL,,,,,,,,,,,,,,,,,,,,,,,,,,,,,,,,,,,,,,,,,,,,,,,,,,,,,,,,,,,,58791,,
Middle income,MIC,"Population, total",SP.POP.TOTL,,,,,,,,,,,,,,,,,,,,,,,,,,,,,,,,,,,,,,,,,,,,,,,,,,,,,,,,,,,,5769226171,,
North Macedonia,MKD,"Population, total",SP.POP.TOTL,,,,,,,,,,,,,,,,,,,,,,,,,,,,,,,,,,,,,,,,,,,,,,,,,,,,,,,,,,,,2083459,,
Mali,MLI,"Population, total",SP.POP.TOTL,,,,,,,,,,,,,,,,,,,,,,,,,,,,,,,,,,,,,,,,,,,,,,,,,,,,,,,,,,,,19658031,,
Malta,MLT,"Population, total",SP.POP.TOTL,,,,,,,,,,,,,,,,,,,,,,,,,,,,,,,,,,,,,,,,,,,,,,,,,,,,,,,,,,,,502653,,
Myanmar,MMR,"Population, total",SP.POP.TOTL,,,,,,,,,,,,,,,,,,,,,,,,,,,,,,,,,,,,,,,,,,,,,,,,,,,,,,,,,,,,54045420,,
Middle East & North Africa (excluding high income),MNA,"Population, total",SP.POP.TOTL,,,,,,,,,,,,,,,,,,,,,,,,,,,,,,,,,,,,,,,,,,,,,,,,,,,,,,,,,,,,389457086,,
Montenegro,MNE,"Population, total",SP.POP.TOTL,,,,,,,,,,,,,,,,,,,,,,,,,,,,,,,,,,,,,,,,,,,,,,,,,,,,,,,,,,,,622137,,
Mongolia,MNG,"Population, total",SP.POP.TOTL,,,,,,,,,,,,,,,,,,,,,,,,,,,,,,,,,,,,,,,,,,,,,,,,,,,,,,,,,,,,3225167,,
Northern Mariana Islands,MNP,"Population, total",SP.POP.TOTL,,,,,,,,,,,,,,,,,,,,,,,,,,,,,,,,,,,,,,,,,,,,,,,,,,,,,,,,,,,,57216,,
Mozambique,MOZ,"Population, total",SP.POP.TOTL,,,,,,,,,,,,,,,,,,,,,,,,,,,,,,,,,,,,,,,,,,,,,,,,,,,,,,,,,,,,30366036,,
Mauritania,MRT,"Population, total",SP.POP.TOTL,,,,,,,,,,,,,,,,,,,,,,,,,,,,,,,,,,,,,,,,,,,,,,,,,,,,,,,,,,,,4525696,,
Mauritius,MUS,"Population, total",SP.POP.TOTL,,,,,,,,,,,,,,,,,,,,,,,,,,,,,,,,,,,,,,,,,,,,,,,,,,,,,,,,,,,,1265711,,
Malawi,MWI,"Population, total",SP.POP.TOTL,,,,,,,,,,,,,,,,,,,,,,,,,,,,,,,,,,,,,,,,,,,,,,,,,,,,,,,,,,,,18628747,,
Malaysia,MYS,"Population, total",SP.POP.TOTL,,,,,,,,,,,,,,,,,,,,,,,,,,,,,,,,,,,,,,,,,,,,,,,,,,,,,,,,,,,,31949777,,
North America,NAC,"Population, total",SP.POP.TOTL,,,,,,,,,,,,,,,,,,,,,,,,,,,,,,,,,,,,,,,,,,,,,,,,,,,,,,,,,,,,365892703,,
Namibia,NAM,"Population, total",SP.POP.TOTL,,,,,,,,,,,,,,,,,,,,,,,,,,,,,,,,,,,,,,,,,,,,,,,,,,,,,,,,,,,,2494530,,
New Caledonia,NCL,"Population, total",SP.POP.TOTL,,,,,,,,,,,,,,,,,,,,,,,,,,,,,,,,,,,,,,,,,,,,,,,,,,,,,,,,,,,,287800,,
Niger,NER,"Population, total",SP.POP.TOTL,,,,,,,,,,,,,,,,,,,,,,,,,,,,,,,,,,,,,,,,,,,,,,,,,,,,,,,,,,,,23310715,,
Nigeria,NGA,"Population, total",SP.POP.TOTL,,,,,,,,,,,,,,,,,,,,,,,,,,,,,,,,,,,,,,,,,,,,,,,,,,,,,,,,,,,,200963599,,
Nicaragua,NIC,"Population, total",SP.POP.TOTL,,,,,,,,,,,,,,,,,,,,,,,,,,,,,,,,,,,,,,,,,,,,,,,,,,,,,,,,,,,,6545502,,
Netherlands,NLD,"Population, total",SP.POP.TOTL,,,,,,,,,,,,,,,,,,,,,,,,,,,,,,,,,,,,,,,,,,,,,,,,,,,,,,,,,,,,17332850,,
Norway,NOR,"Population, total",SP.POP.TOTL,,,,,,,,,,,,,,,,,,,,,,,,,,,,,,,,,,,,,,,,,,,,,,,,,,,,,,,,,,,,5347896,,
Nepal,NPL,"Population, total",SP.POP.TOTL,,,,,,,,,,,,,,,,,,,,,,,,,,,,,,,,,,,,,,,,,,,,,,,,,,,,,,,,,,,,28608710,,
Nauru,NRU,"Population, total",SP.POP.TOTL,,,,,,,,,,,,,,,,,,,,,,,,,,,,,,,,,,,,,,,,,,,,,,,,,,,,,,,,,,,,12581,,
New Zealand,NZL,"Population, total",SP.POP.TOTL,,,,,,,,,,,,,,,,,,,,,,,,,,,,,,,,,,,,,,,,,,,,,,,,,,,,,,,,,,,,4917000,,
OECD members,OED,"Population, total",SP.POP.TOTL,,,,,,,,,,,,,,,,,,,,,,,,,,,,,,,,,,,,,,,,,,,,,,,,,,,,,,,,,,,,1359963500,,
Oman,OMN,"Population, total",SP.POP.TOTL,,,,,,,,,,,,,,,,,,,,,,,,,,,,,,,,,,,,,,,,,,,,,,,,,,,,,,,,,,,,4974986,,
Other small states,OSS,"Population, total",SP.POP.TOTL,,,,,,,,,,,,,,,,,,,,,,,,,,,,,,,,,,,,,,,,,,,,,,,,,,,,,,,,,,,,31360407,,
Pakistan,PAK,"Population, total",SP.POP.TOTL,,,,,,,,,,,,,,,,,,,,,,,,,,,,,,,,,,,,,,,,,,,,,,,,,,,,,,,,,,,,216565318,,
Panama,PAN,"Population, total",SP.POP.TOTL,,,,,,,,,,,,,,,,,,,,,,,,,,,,,,,,,,,,,,,,,,,,,,,,,,,,,,,,,,,,4246439,,
Peru,PER,"Population, total",SP.POP.TOTL,,,,,,,,,,,,,,,,,,,,,,,,,,,,,,,,,,,,,,,,,,,,,,,,,,,,,,,,,,,,32510453,,
Philippines,PHL,"Population, total",SP.POP.TOTL,,,,,,,,,,,,,,,,,,,,,,,,,,,,,,,,,,,,,,,,,,,,,,,,,,,,,,,,,,,,108116615,,
Palau,PLW,"Population, total",SP.POP.TOTL,,,,,,,,,,,,,,,,,,,,,,,,,,,,,,,,,,,,,,,,,,,,,,,,,,,,,,,,,,,,18008,,
Papua New Guinea,PNG,"Population, total",SP.POP.TOTL,,,,,,,,,,,,,,,,,,,,,,,,,,,,,,,,,,,,,,,,,,,,,,,,,,,,,,,,,,,,8776109,,
Poland,POL,"Population, total",SP.POP.TOTL,,,,,,,,,,,,,,,,,,,,,,,,,,,,,,,,,,,,,,,,,,,,,,,,,,,,,,,,,,,,37970874,,
Pre-demographic dividend,PRE,"Population, total",SP.POP.TOTL,,,,,,,,,,,,,,,,,,,,,,,,,,,,,,,,,,,,,,,,,,,,,,,,,,,,,,,,,,,,944902749,,
Puerto Rico,PRI,"Population, total",SP.POP.TOTL,,,,,,,,,,,,,,,,,,,,,,,,,,,,,,,,,,,,,,,,,,,,,,,,,,,,,,,,,,,,3193694,,
"Korea, Dem. Peopleâ€™s Rep.",PRK,"Population, total",SP.POP.TOTL,,,,,,,,,,,,,,,,,,,,,,,,,,,,,,,,,,,,,,,,,,,,,,,,,,,,,,,,,,,,25666161,,
Portugal,PRT,"Population, total",SP.POP.TOTL,,,,,,,,,,,,,,,,,,,,,,,,,,,,,,,,,,,,,,,,,,,,,,,,,,,,,,,,,,,,10269417,,
Paraguay,PRY,"Population, total",SP.POP.TOTL,,,,,,,,,,,,,,,,,,,,,,,,,,,,,,,,,,,,,,,,,,,,,,,,,,,,,,,,,,,,7044636,,
West Bank and Gaza,PSE,"Population, total",SP.POP.TOTL,,,,,,,,,,,,,,,,,,,,,,,,,,,,,,,,,,,,,,,,,,,,,,,,,,,,,,,,,,,,4685306,,
Pacific island small states,PSS,"Population, total",SP.POP.TOTL,,,,,,,,,,,,,,,,,,,,,,,,,,,,,,,,,,,,,,,,,,,,,,,,,,,,,,,,,,,,2493696,,
Post-demographic dividend,PST,"Population, total",SP.POP.TOTL,,,,,,,,,,,,,,,,,,,,,,,,,,,,,,,,,,,,,,,,,,,,,,,,,,,,,,,,,,,,1112914457,,
French Polynesia,PYF,"Population, total",SP.POP.TOTL,,,,,,,,,,,,,,,,,,,,,,,,,,,,,,,,,,,,,,,,,,,,,,,,,,,,,,,,,,,,279287,,
Qatar,QAT,"Population, total",SP.POP.TOTL,,,,,,,,,,,,,,,,,,,,,,,,,,,,,,,,,,,,,,,,,,,,,,,,,,,,,,,,,,,,2832067,,
Romania,ROU,"Population, total",SP.POP.TOTL,,,,,,,,,,,,,,,,,,,,,,,,,,,,,,,,,,,,,,,,,,,,,,,,,,,,,,,,,,,,19356544,,
Russian Federation,RUS,"Population, total",SP.POP.TOTL,,,,,,,,,,,,,,,,,,,,,,,,,,,,,,,,,,,,,,,,,,,,,,,,,,,,,,,,,,,,144373535,,
Rwanda,RWA,"Population, total",SP.POP.TOTL,,,,,,,,,,,,,,,,,,,,,,,,,,,,,,,,,,,,,,,,,,,,,,,,,,,,,,,,,,,,12626950,,
South Asia,SAS,"Population, total",SP.POP.TOTL,,,,,,,,,,,,,,,,,,,,,,,,,,,,,,,,,,,,,,,,,,,,,,,,,,,,,,,,,,,,1835776742,,
Saudi Arabia,SAU,"Population, total",SP.POP.TOTL,,,,,,,,,,,,,,,,,,,,,,,,,,,,,,,,,,,,,,,,,,,,,,,,,,,,,,,,,,,,34268528,,
Sudan,SDN,"Population, total",SP.POP.TOTL,,,,,,,,,,,,,,,,,,,,,,,,,,,,,,,,,,,,,,,,,,,,,,,,,,,,,,,,,,,,42813238,,
Senegal,SEN,"Population, total",SP.POP.TOTL,,,,,,,,,,,,,,,,,,,,,,,,,,,,,,,,,,,,,,,,,,,,,,,,,,,,,,,,,,,,16296364,,
Singapore,SGP,"Population, total",SP.POP.TOTL,,,,,,,,,,,,,,,,,,,,,,,,,,,,,,,,,,,,,,,,,,,,,,,,,,,,,,,,,,,,5703569,,
Solomon Islands,SLB,"Population, total",SP.POP.TOTL,,,,,,,,,,,,,,,,,,,,,,,,,,,,,,,,,,,,,,,,,,,,,,,,,,,,,,,,,,,,669823,,
Sierra Leone,SLE,"Population, total",SP.POP.TOTL,,,,,,,,,,,,,,,,,,,,,,,,,,,,,,,,,,,,,,,,,,,,,,,,,,,,,,,,,,,,7813215,,
El Salvador,SLV,"Population, total",SP.POP.TOTL,,,,,,,,,,,,,,,,,,,,,,,,,,,,,,,,,,,,,,,,,,,,,,,,,,,,,,,,,,,,6453553,,
San Marino,SMR,"Population, total",SP.POP.TOTL,,,,,,,,,,,,,,,,,,,,,,,,,,,,,,,,,,,,,,,,,,,,,,,,,,,,,,,,,,,,33860,,
Somalia,SOM,"Population, total",SP.POP.TOTL,,,,,,,,,,,,,,,,,,,,,,,,,,,,,,,,,,,,,,,,,,,,,,,,,,,,,,,,,,,,15442905,,
Serbia,SRB,"Population, total",SP.POP.TOTL,,,,,,,,,,,,,,,,,,,,,,,,,,,,,,,,,,,,,,,,,,,,,,,,,,,,,,,,,,,,6944975,,
Sub-Saharan Africa (excluding high income),SSA,"Population, total",SP.POP.TOTL,,,,,,,,,,,,,,,,,,,,,,,,,,,,,,,,,,,,,,,,,,,,,,,,,,,,,,,,,,,,1105594562,,
South Sudan,SSD,"Population, total",SP.POP.TOTL,,,,,,,,,,,,,,,,,,,,,,,,,,,,,,,,,,,,,,,,,,,,,,,,,,,,,,,,,,,,11062113,,
Sub-Saharan Africa,SSF,"Population, total",SP.POP.TOTL,,,,,,,,,,,,,,,,,,,,,,,,,,,,,,,,,,,,,,,,,,,,,,,,,,,,,,,,,,,,1106957898,,
Small states,SST,"Population, total",SP.POP.TOTL,,,,,,,,,,,,,,,,,,,,,,,,,,,,,,,,,,,,,,,,,,,,,,,,,,,,,,,,,,,,41255486,,
Sao Tome and Principe,STP,"Population, total",SP.POP.TOTL,,,,,,,,,,,,,,,,,,,,,,,,,,,,,,,,,,,,,,,,,,,,,,,,,,,,,,,,,,,,215056,,
Suriname,SUR,"Population, total",SP.POP.TOTL,,,,,,,,,,,,,,,,,,,,,,,,,,,,,,,,,,,,,,,,,,,,,,,,,,,,,,,,,,,,581363,,
Slovak Republic,SVK,"Population, total",SP.POP.TOTL,,,,,,,,,,,,,,,,,,,,,,,,,,,,,,,,,,,,,,,,,,,,,,,,,,,,,,,,,,,,5454073,,
Slovenia,SVN,"Population, total",SP.POP.TOTL,,,,,,,,,,,,,,,,,,,,,,,,,,,,,,,,,,,,,,,,,,,,,,,,,,,,,,,,,,,,2087946,,
Sweden,SWE,"Population, total",SP.POP.TOTL,,,,,,,,,,,,,,,,,,,,,,,,,,,,,,,,,,,,,,,,,,,,,,,,,,,,,,,,,,,,10285453,,
Eswatini,SWZ,"Population, total",SP.POP.TOTL,,,,,,,,,,,,,,,,,,,,,,,,,,,,,,,,,,,,,,,,,,,,,,,,,,,,,,,,,,,,1148130,,
Sint Maarten (Dutch part),SXM,"Population, total",SP.POP.TOTL,,,,,,,,,,,,,,,,,,,,,,,,,,,,,,,,,,,,,,,,,,,,,,,,,,,,,,,,,,,,40733,,
Seychelles,SYC,"Population, total",SP.POP.TOTL,,,,,,,,,,,,,,,,,,,,,,,,,,,,,,,,,,,,,,,,,,,,,,,,,,,,,,,,,,,,97625,,
Syrian Arab Republic,SYR,"Population, total",SP.POP.TOTL,,,,,,,,,,,,,,,,,,,,,,,,,,,,,,,,,,,,,,,,,,,,,,,,,,,,,,,,,,,,17070135,,
Turks and Caicos Islands,TCA,"Population, total",SP.POP.TOTL,,,,,,,,,,,,,,,,,,,,,,,,,,,,,,,,,,,,,,,,,,,,,,,,,,,,,,,,,,,,38191,,
Chad,TCD,"Population, total",SP.POP.TOTL,,,,,,,,,,,,,,,,,,,,,,,,,,,,,,,,,,,,,,,,,,,,,,,,,,,,,,,,,,,,15946876,,
East Asia & Pacific (IDA & IBRD countries),TEA,"Population, total",SP.POP.TOTL,,,,,,,,,,,,,,,,,,,,,,,,,,,,,,,,,,,,,,,,,,,,,,,,,,,,,,,,,,,,2067984156,,
Europe & Central Asia (IDA & IBRD countries),TEC,"Population, total",SP.POP.TOTL,,,,,,,,,,,,,,,,,,,,,,,,,,,,,,,,,,,,,,,,,,,,,,,,,,,,,,,,,,,,460799505,,
Togo,TGO,"Population, total",SP.POP.TOTL,,,,,,,,,,,,,,,,,,,,,,,,,,,,,,,,,,,,,,,,,,,,,,,,,,,,,,,,,,,,8082366,,
Thailand,THA,"Population, total",SP.POP.TOTL,,,,,,,,,,,,,,,,,,,,,,,,,,,,,,,,,,,,,,,,,,,,,,,,,,,,,,,,,,,,69625582,,
Tajikistan,TJK,"Population, total",SP.POP.TOTL,,,,,,,,,,,,,,,,,,,,,,,,,,,,,,,,,,,,,,,,,,,,,,,,,,,,,,,,,,,,9321018,,
Turkmenistan,TKM,"Population, total",SP.POP.TOTL,,,,,,,,,,,,,,,,,,,,,,,,,,,,,,,,,,,,,,,,,,,,,,,,,,,,,,,,,,,,5942089,,
Latin America & the Caribbean (IDA & IBRD countries),TLA,"Population, total",SP.POP.TOTL,,,,,,,,,,,,,,,,,,,,,,,,,,,,,,,,,,,,,,,,,,,,,,,,,,,,,,,,,,,,630644772,,
Timor-Leste,TLS,"Population, total",SP.POP.TOTL,,,,,,,,,,,,,,,,,,,,,,,,,,,,,,,,,,,,,,,,,,,,,,,,,,,,,,,,,,,,1293119,,
Middle East & North Africa (IDA & IBRD countries),TMN,"Population, total",SP.POP.TOTL,,,,,,,,,,,,,,,,,,,,,,,,,,,,,,,,,,,,,,,,,,,,,,,,,,,,,,,,,,,,384771780,,
Tonga,TON,"Population, total",SP.POP.TOTL,,,,,,,,,,,,,,,,,,,,,,,,,,,,,,,,,,,,,,,,,,,,,,,,,,,,,,,,,,,,104494,,
South Asia (IDA & IBRD),TSA,"Population, total",SP.POP.TOTL,,,,,,,,,,,,,,,,,,,,,,,,,,,,,,,,,,,,,,,,,,,,,,,,,,,,,,,,,,,,1835776742,,
Sub-Saharan Africa (IDA & IBRD countries),TSS,"Population, total",SP.POP.TOTL,,,,,,,,,,,,,,,,,,,,,,,,,,,,,,,,,,,,,,,,,,,,,,,,,,,,,,,,,,,,1106957898,,
Trinidad and Tobago,TTO,"Population, total",SP.POP.TOTL,,,,,,,,,,,,,,,,,,,,,,,,,,,,,,,,,,,,,,,,,,,,,,,,,,,,,,,,,,,,1394973,,
Tunisia,TUN,"Population, total",SP.POP.TOTL,,,,,,,,,,,,,,,,,,,,,,,,,,,,,,,,,,,,,,,,,,,,,,,,,,,,,,,,,,,,11694719,,
Turkey,TUR,"Population, total",SP.POP.TOTL,,,,,,,,,,,,,,,,,,,,,,,,,,,,,,,,,,,,,,,,,,,,,,,,,,,,,,,,,,,,83429615,,
Tuvalu,TUV,"Population, total",SP.POP.TOTL,,,,,,,,,,,,,,,,,,,,,,,,,,,,,,,,,,,,,,,,,,,,,,,,,,,,,,,,,,,,11646,,
Tanzania,TZA,"Population, total",SP.POP.TOTL,,,,,,,,,,,,,,,,,,,,,,,,,,,,,,,,,,,,,,,,,,,,,,,,,,,,,,,,,,,,58005463,,
Uganda,UGA,"Population, total",SP.POP.TOTL,,,,,,,,,,,,,,,,,,,,,,,,,,,,,,,,,,,,,,,,,,,,,,,,,,,,,,,,,,,,44269594,,
Ukraine,UKR,"Population, total",SP.POP.TOTL,,,,,,,,,,,,,,,,,,,,,,,,,,,,,,,,,,,,,,,,,,,,,,,,,,,,,,,,,,,,44385155,,
Upper middle income,UMC,"Population, total",SP.POP.TOTL,,,,,,,,,,,,,,,,,,,,,,,,,,,,,,,,,,,,,,,,,,,,,,,,,,,,,,,,,,,,2855862780,,
Uruguay,URY,"Population, total",SP.POP.TOTL,,,,,,,,,,,,,,,,,,,,,,,,,,,,,,,,,,,,,,,,,,,,,,,,,,,,,,,,,,,,3461734,,
United States,USA,"Population, total",SP.POP.TOTL,,,,,,,,,,,,,,,,,,,,,,,,,,,,,,,,,,,,,,,,,,,,,,,,,,,,,,,,,,,,328239523,,
Uzbekistan,UZB,"Population, total",SP.POP.TOTL,,,,,,,,,,,,,,,,,,,,,,,,,,,,,,,,,,,,,,,,,,,,,,,,,,,,,,,,,,,,33580650,,
St. Vincent and the Grenadines,VCT,"Population, total",SP.POP.TOTL,,,,,,,,,,,,,,,,,,,,,,,,,,,,,,,,,,,,,,,,,,,,,,,,,,,,,,,,,,,,110589,,
"Venezuela, RB",VEN,"Population, total",SP.POP.TOTL,,,,,,,,,,,,,,,,,,,,,,,,,,,,,,,,,,,,,,,,,,,,,,,,,,,,,,,,,,,,28515829,,
British Virgin Islands,VGB,"Population, total",SP.POP.TOTL,,,,,,,,,,,,,,,,,,,,,,,,,,,,,,,,,,,,,,,,,,,,,,,,,,,,,,,,,,,,30030,,
Virgin Islands (U.S.),VIR,"Population, total",SP.POP.TOTL,,,,,,,,,,,,,,,,,,,,,,,,,,,,,,,,,,,,,,,,,,,,,,,,,,,,,,,,,,,,106631,,
Vietnam,VNM,"Population, total",SP.POP.TOTL,,,,,,,,,,,,,,,,,,,,,,,,,,,,,,,,,,,,,,,,,,,,,,,,,,,,,,,,,,,,96462106,,
Vanuatu,VUT,"Population, total",SP.POP.TOTL,,,,,,,,,,,,,,,,,,,,,,,,,,,,,,,,,,,,,,,,,,,,,,,,,,,,,,,,,,,,299882,,
World,WLD,"Population, total",SP.POP.TOTL,,,,,,,,,,,,,,,,,,,,,,,,,,,,,,,,,,,,,,,,,,,,,,,,,,,,,,,,,,,,7673533974,,
Samoa,WSM,"Population, total",SP.POP.TOTL,,,,,,,,,,,,,,,,,,,,,,,,,,,,,,,,,,,,,,,,,,,,,,,,,,,,,,,,,,,,197097,,
Kosovo,XKX,"Population, total",SP.POP.TOTL,,,,,,,,,,,,,,,,,,,,,,,,,,,,,,,,,,,,,,,,,,,,,,,,,,,,,,,,,,,,1794248,,
"Yemen, Rep.",YEM,"Population, total",SP.POP.TOTL,,,,,,,,,,,,,,,,,,,,,,,,,,,,,,,,,,,,,,,,,,,,,,,,,,,,,,,,,,,,29161922,,
South Africa,ZAF,"Population, total",SP.POP.TOTL,,,,,,,,,,,,,,,,,,,,,,,,,,,,,,,,,,,,,,,,,,,,,,,,,,,,,,,,,,,,58558270,,
Zambia,ZMB,"Population, total",SP.POP.TOTL,,,,,,,,,,,,,,,,,,,,,,,,,,,,,,,,,,,,,,,,,,,,,,,,,,,,,,,,,,,,17861030,,
Zimbabwe,ZWE,"Population, total",SP.POP.TOTL,,,,,,,,,,,,,,,,,,,,,,,,,,,,,,,,,,,,,,,,,,,,,,,,,,,,,,,,,,,,14645468,,